<?xml version = '1.0' encoding = 'UTF-8'?>
<Entity class="oracle.dbtools.crest.model.design.logical.Entity" directorySegmentName="seg_0" id="EDC96FA7-2FDE-D108-49E3-6A8D874BF0B3" name="COMANDA">
<createdBy>jovi_</createdBy>
<createdTime>2024-09-14 21:22:02 UTC</createdTime>
<ownerDesignName>HOTEL_BD</ownerDesignName>
<engineerTo>
<item key="D1F4240B-58E5-84D7-EEAE-34666E2C289C" value="true"/>
</engineerTo>
<adequatelyNormalized>NO</adequatelyNormalized>
<expectedVolumes>0</expectedVolumes>
<fwdEngineeringStrategyName>Single Table</fwdEngineeringStrategyName>
<growthPercent>0</growthPercent>
<growthType>Year</growthType>
<maxVolumes>9999999</maxVolumes>
<minVolumes>0</minVolumes>
<normalForm>Third</normalForm>
<attributes itemClass="oracle.dbtools.crest.model.design.logical.Attribute">
<Attribute name="COMAN_COD" id="80697E57-42A2-67B1-7D4A-76E19E43AA85">
<createdBy>jovi_</createdBy>
<createdTime>2024-09-14 21:25:09 UTC</createdTime>
<ownerDesignName>HOTEL_BD</ownerDesignName>
<engineerTo>
<item key="D1F4240B-58E5-84D7-EEAE-34666E2C289C" value="true"/>
</engineerTo>
<useDomainConstraints>false</useDomainConstraints>
<use>1</use>
<logicalDatatype>LOGDT019</logicalDatatype>
<dataTypePrecision>10</dataTypePrecision>
<ownDataTypeParameters>,10,</ownDataTypeParameters>
</Attribute>
<Attribute name="COMAN_VALOR" id="02A49DF0-B0FF-9E0C-E220-A2C374469015">
<createdBy>jovi_</createdBy>
<createdTime>2024-09-14 21:25:26 UTC</createdTime>
<ownerDesignName>HOTEL_BD</ownerDesignName>
<engineerTo>
<item key="D1F4240B-58E5-84D7-EEAE-34666E2C289C" value="true"/>
</engineerTo>
<useDomainConstraints>false</useDomainConstraints>
<use>1</use>
<logicalDatatype>LOGDT019</logicalDatatype>
<dataTypePrecision>10</dataTypePrecision>
<dataTypeScale>2</dataTypeScale>
<ownDataTypeParameters>,10,2</ownDataTypeParameters>
</Attribute>
<Attribute name="COMAN_QTD_ITEM" id="94F50F5E-B6A0-11C3-8285-7DCF59C53D8B">
<createdBy>jovi_</createdBy>
<createdTime>2024-09-14 21:25:50 UTC</createdTime>
<ownerDesignName>HOTEL_BD</ownerDesignName>
<engineerTo>
<item key="D1F4240B-58E5-84D7-EEAE-34666E2C289C" value="true"/>
</engineerTo>
<useDomainConstraints>false</useDomainConstraints>
<use>1</use>
<logicalDatatype>LOGDT019</logicalDatatype>
<dataTypePrecision>10</dataTypePrecision>
<ownDataTypeParameters>,10,</ownDataTypeParameters>
</Attribute>
<Attribute name="HOS_COD" id="FCC47F01-A0C9-B3E6-71F0-F1A33AC57486">
<createdBy>jovi_</createdBy>
<createdTime>2024-09-14 23:00:27 UTC</createdTime>
<generatorID>9D3A4234-F81F-5938-9F22-37E82CA87F80</generatorID>
<ownerDesignName>HOTEL_BD</ownerDesignName>
<engineerTo>
<item key="D1F4240B-58E5-84D7-EEAE-34666E2C289C" value="true"/>
</engineerTo>
<referedAttribute>3DD14BC9-69C2-D1FF-18EB-3BBC42CA2287</referedAttribute>
<useDomainConstraints>false</useDomainConstraints>
<use>1</use>
<logicalDatatype>LOGDT019</logicalDatatype>
<dataTypePrecision>10</dataTypePrecision>
<ownDataTypeParameters>,,</ownDataTypeParameters>
</Attribute>
</attributes>
<identifiers itemClass="oracle.dbtools.crest.model.design.logical.CandidateKey">
<identifier id="18EB579A-75F8-CF03-DF2A-5C2791E3981F" name="COMANDA PK">
<createdBy>jovi_</createdBy>
<createdTime>2024-09-14 21:25:24 UTC</createdTime>
<ownerDesignName>HOTEL_BD</ownerDesignName>
<engineerTo>
<item key="D1F4240B-58E5-84D7-EEAE-34666E2C289C" value="true"/>
</engineerTo>
<pk>true</pk>
<usedAttributes>
<attributeRef>80697E57-42A2-67B1-7D4A-76E19E43AA85</attributeRef>
</usedAttributes>
</identifier>
</identifiers>
</Entity>
