<?xml version = '1.0' encoding = 'UTF-8'?>
<FKIndexAssociation class="oracle.dbtools.crest.model.design.relational.FKIndexAssociation" directorySegmentName="seg_0" id="4BB1A541-AB3C-98B5-5F08-6DEE9452778A" containerWithKeyObject="B5E00C79-F1AA-6C8E-384C-D26747B72F12" localFKIndex="2F8E2C47-65DC-CF72-B8A7-646FE6F115A4" name="HOSPEDAGEM_RESERVAS_FK">
<createdBy>jovi_</createdBy>
<createdTime>2024-09-14 23:11:34 UTC</createdTime>
<generatorID>FFC9DB60-4EF0-BBC9-CA27-9962826550B4</generatorID>
<ownerDesignName>HOTEL_BD</ownerDesignName>
<referredTableLongName>RESERVAS</referredTableLongName>
<deleteRule>NO ACTION</deleteRule>
<referredTableID>E5F05126-CC7C-9363-9337-6331B0885492</referredTableID>
<keyObject>06832830-86B0-E8E0-BA85-31652EDDA1F7</keyObject>
<referredKeyID>06832830-86B0-E8E0-BA85-31652EDDA1F7</referredKeyID>
<mandatory>false</mandatory>
<refColNames>RES_COD</refColNames>
<transferable>true</transferable>
<rely>false</rely>
<columnDependencyConstraintGenerateInDDL>true</columnDependencyConstraintGenerateInDDL>
</FKIndexAssociation>
