<?xml version = '1.0' encoding = 'UTF-8'?>
<FKIndexAssociation class="oracle.dbtools.crest.model.design.relational.FKIndexAssociation" directorySegmentName="seg_0" id="52C88E77-C66B-3A3B-08B5-A31263737C2E" containerWithKeyObject="D4F2E865-1643-C6DE-3FA2-DA77D8AFB60F" localFKIndex="C72C7E12-E64D-379A-824C-432F9B3EE3B4" name="R_COMAN_SER_COMANDA_FK">
<createdBy>jovi_</createdBy>
<createdTime>2024-09-14 23:11:34 UTC</createdTime>
<generatorID>FDF25D28-70A7-378A-C603-36750A138FB0</generatorID>
<ownerDesignName>HOTEL_BD</ownerDesignName>
<referredTableLongName>COMANDA</referredTableLongName>
<deleteRule>NO ACTION</deleteRule>
<referredTableID>F74545F3-2E50-1970-9A6A-0526AAAE5F74</referredTableID>
<keyObject>4054394E-EEA6-2C38-9D58-50AB83051D34</keyObject>
<referredKeyID>4054394E-EEA6-2C38-9D58-50AB83051D34</referredKeyID>
<mandatory>true</mandatory>
<refColNames>COMAN_COD</refColNames>
<transferable>true</transferable>
<rely>false</rely>
<columnDependencyConstraintGenerateInDDL>true</columnDependencyConstraintGenerateInDDL>
</FKIndexAssociation>
