<?xml version = '1.0' encoding = 'UTF-8'?>
<FKIndexAssociation class="oracle.dbtools.crest.model.design.relational.FKIndexAssociation" directorySegmentName="seg_0" id="5D5E302E-D744-47DB-AE49-6A96824E67E0" containerWithKeyObject="641B4CB3-EAE2-1925-1C04-2F6FA9832288" localFKIndex="906FCD39-1653-AC9F-87F9-CC0C617422B0" name="R_COMAN_PROD_PRODUTOS_FK">
<createdBy>jovi_</createdBy>
<createdTime>2024-09-14 23:11:34 UTC</createdTime>
<generatorID>910AA6CE-442B-B7B9-3AE2-003DE092F722</generatorID>
<ownerDesignName>HOTEL_BD</ownerDesignName>
<referredTableLongName>PRODUTOS</referredTableLongName>
<deleteRule>NO ACTION</deleteRule>
<referredTableID>8C9297F7-078A-33D0-2EA5-AFDEACAC5D92</referredTableID>
<keyObject>7C8E9426-96F8-32CA-832C-7C0920CA5CC7</keyObject>
<referredKeyID>7C8E9426-96F8-32CA-832C-7C0920CA5CC7</referredKeyID>
<mandatory>true</mandatory>
<refColNames>PROD_COD</refColNames>
<transferable>true</transferable>
<rely>false</rely>
<columnDependencyConstraintGenerateInDDL>true</columnDependencyConstraintGenerateInDDL>
</FKIndexAssociation>
