<?xml version = '1.0' encoding = 'UTF-8'?>
<FKIndexAssociation class="oracle.dbtools.crest.model.design.relational.FKIndexAssociation" directorySegmentName="seg_0" id="63F9050B-1BD6-2DC7-63DF-61FBE8A2DDBD" containerWithKeyObject="F74545F3-2E50-1970-9A6A-0526AAAE5F74" localFKIndex="24AABF12-E93D-98B3-5576-CE54AA64AF9B" name="COMANDA_HOSPEDAGEM_FK">
<createdBy>jovi_</createdBy>
<createdTime>2024-09-14 23:11:34 UTC</createdTime>
<generatorID>9D3A4234-F81F-5938-9F22-37E82CA87F80</generatorID>
<ownerDesignName>HOTEL_BD</ownerDesignName>
<referredTableLongName>HOSPEDAGEM</referredTableLongName>
<deleteRule>NO ACTION</deleteRule>
<referredTableID>B5E00C79-F1AA-6C8E-384C-D26747B72F12</referredTableID>
<keyObject>358E802C-94AC-3011-43CE-8ADE4CA6B1BB</keyObject>
<referredKeyID>358E802C-94AC-3011-43CE-8ADE4CA6B1BB</referredKeyID>
<mandatory>true</mandatory>
<refColNames>HOS_COD</refColNames>
<transferable>true</transferable>
<rely>false</rely>
<columnDependencyConstraintGenerateInDDL>true</columnDependencyConstraintGenerateInDDL>
</FKIndexAssociation>
