<?xml version = '1.0' encoding = 'UTF-8'?>
<FKIndexAssociation class="oracle.dbtools.crest.model.design.relational.FKIndexAssociation" directorySegmentName="seg_0" id="6805E248-BC7F-FE79-63C5-8A6E3EA1043E" containerWithKeyObject="B5E00C79-F1AA-6C8E-384C-D26747B72F12" localFKIndex="E3CA92B5-50FA-2EF2-78D1-8F0FB9002CA0" name="HOSPEDAGEM_PESSOA_FK">
<createdBy>jovi_</createdBy>
<createdTime>2024-09-14 23:11:34 UTC</createdTime>
<generatorID>32672A39-A7C2-73F9-2D7F-8BCE6253AC0A</generatorID>
<ownerDesignName>HOTEL_BD</ownerDesignName>
<referredTableLongName>PESSOA</referredTableLongName>
<deleteRule>NO ACTION</deleteRule>
<referredTableID>8EC65710-E4A4-FD35-290E-70B791A703EA</referredTableID>
<keyObject>99EA4B81-D676-2978-ADCA-119A966B5A11</keyObject>
<referredKeyID>99EA4B81-D676-2978-ADCA-119A966B5A11</referredKeyID>
<mandatory>true</mandatory>
<refColNames>PES_CPF</refColNames>
<transferable>true</transferable>
<rely>false</rely>
<columnDependencyConstraintGenerateInDDL>true</columnDependencyConstraintGenerateInDDL>
</FKIndexAssociation>
