<?xml version = '1.0' encoding = 'UTF-8'?>
<FKIndexAssociation class="oracle.dbtools.crest.model.design.relational.FKIndexAssociation" directorySegmentName="seg_0" id="A7E4E25E-08ED-3619-7225-C1E2D87C6213" containerWithKeyObject="303AA9F3-5DE6-3C50-2E4E-D3E11931F2F9" localFKIndex="52A07E72-F4FB-A44E-C8A4-21FCADA2ACAA" name="LIGAÇÕES_CIDADES_FK">
<createdBy>jovi_</createdBy>
<createdTime>2024-09-14 23:11:34 UTC</createdTime>
<generatorID>1FCFF778-9B00-BDEB-475B-95FB0F027C48</generatorID>
<ownerDesignName>HOTEL_BD</ownerDesignName>
<referredTableLongName>CIDADES</referredTableLongName>
<deleteRule>NO ACTION</deleteRule>
<referredTableID>C900D849-31B0-5FBD-EFBC-58E824DBD8FD</referredTableID>
<keyObject>EB72332B-5410-6ADD-9DDD-8FCF3BBE5D88</keyObject>
<referredKeyID>EB72332B-5410-6ADD-9DDD-8FCF3BBE5D88</referredKeyID>
<mandatory>true</mandatory>
<refColNames>CID_COD</refColNames>
<transferable>true</transferable>
<rely>false</rely>
<columnDependencyConstraintGenerateInDDL>true</columnDependencyConstraintGenerateInDDL>
</FKIndexAssociation>
