<?xml version = '1.0' encoding = 'UTF-8'?>
<FKIndexAssociation class="oracle.dbtools.crest.model.design.relational.FKIndexAssociation" directorySegmentName="seg_0" id="B3FF4CAD-693A-3F21-FA1A-5DB462DDA57C" containerWithKeyObject="C900D849-31B0-5FBD-EFBC-58E824DBD8FD" localFKIndex="CB88BB60-44D3-CF5C-A6F4-13029F0C6864" name="CIDADES_DDD_FK">
<createdBy>jovi_</createdBy>
<createdTime>2024-09-14 23:11:34 UTC</createdTime>
<generatorID>F664E91D-ACC4-BF1E-218D-0419941271BF</generatorID>
<ownerDesignName>HOTEL_BD</ownerDesignName>
<referredTableLongName>DDD</referredTableLongName>
<deleteRule>NO ACTION</deleteRule>
<referredTableID>6E945D4E-C645-766D-9439-AF201438646B</referredTableID>
<keyObject>AAFD6ED9-4176-ED7B-E8F9-C3F3AA8AAAEF</keyObject>
<referredKeyID>AAFD6ED9-4176-ED7B-E8F9-C3F3AA8AAAEF</referredKeyID>
<mandatory>true</mandatory>
<refColNames>DDD_COD</refColNames>
<transferable>true</transferable>
<rely>false</rely>
<columnDependencyConstraintGenerateInDDL>true</columnDependencyConstraintGenerateInDDL>
</FKIndexAssociation>
