<?xml version = '1.0' encoding = 'UTF-8'?>
<FKIndexAssociation class="oracle.dbtools.crest.model.design.relational.FKIndexAssociation" directorySegmentName="seg_0" id="B6876030-E117-B864-5D81-F5853119773D" containerWithKeyObject="B5E00C79-F1AA-6C8E-384C-D26747B72F12" localFKIndex="3F0D837A-DD1F-9C68-BAD5-DC71799D5161" name="HOSPEDAGEM_QUARTO_FK">
<createdBy>jovi_</createdBy>
<createdTime>2024-09-14 23:11:34 UTC</createdTime>
<generatorID>A54D5ACA-89C3-EF46-A7B9-AAC32333BF18</generatorID>
<ownerDesignName>HOTEL_BD</ownerDesignName>
<referredTableLongName>QUARTO</referredTableLongName>
<deleteRule>NO ACTION</deleteRule>
<referredTableID>41DFDB7A-69F9-BA6A-26D2-F14C77D9B69A</referredTableID>
<keyObject>50BB6E38-D6E5-B982-636F-C23C059490DA</keyObject>
<referredKeyID>50BB6E38-D6E5-B982-636F-C23C059490DA</referredKeyID>
<mandatory>true</mandatory>
<refColNames>QUA_COD</refColNames>
<transferable>true</transferable>
<rely>false</rely>
<columnDependencyConstraintGenerateInDDL>true</columnDependencyConstraintGenerateInDDL>
</FKIndexAssociation>
