<?xml version = '1.0' encoding = 'UTF-8'?>
<FKIndexAssociation class="oracle.dbtools.crest.model.design.relational.FKIndexAssociation" directorySegmentName="seg_0" id="B822326D-5D78-93FE-BD96-3516B423A551" containerWithKeyObject="E5F05126-CC7C-9363-9337-6331B0885492" localFKIndex="D602332D-CFCE-52E5-270E-E09ED988530A" name="RESERVAS_CATEGORIA_FK">
<createdBy>jovi_</createdBy>
<createdTime>2024-09-14 23:11:34 UTC</createdTime>
<generatorID>4E2D6B55-94E9-9BC4-DF56-C94083599EAD</generatorID>
<ownerDesignName>HOTEL_BD</ownerDesignName>
<referredTableLongName>CATEGORIA</referredTableLongName>
<deleteRule>NO ACTION</deleteRule>
<referredTableID>D109D0B6-2060-71FA-53FF-A7107C13F9B0</referredTableID>
<keyObject>A22D56C4-644B-060E-3777-9FEBD8ACB99A</keyObject>
<referredKeyID>A22D56C4-644B-060E-3777-9FEBD8ACB99A</referredKeyID>
<mandatory>true</mandatory>
<refColNames>CAT_COD</refColNames>
<transferable>true</transferable>
<rely>false</rely>
<columnDependencyConstraintGenerateInDDL>true</columnDependencyConstraintGenerateInDDL>
</FKIndexAssociation>
