<?xml version = '1.0' encoding = 'UTF-8'?>
<FKIndexAssociation class="oracle.dbtools.crest.model.design.relational.FKIndexAssociation" directorySegmentName="seg_0" id="C0FD35A9-2843-B8B9-D9B6-89058F64C87D" containerWithKeyObject="8EC65710-E4A4-FD35-290E-70B791A703EA" localFKIndex="12EE7512-8694-72EE-ADCA-B22F8CEF7CD3" name="PESSOA_CIDADES_FK">
<createdBy>jovi_</createdBy>
<createdTime>2024-09-14 23:11:34 UTC</createdTime>
<generatorID>D5531672-1705-C84E-5195-21568168A415</generatorID>
<ownerDesignName>HOTEL_BD</ownerDesignName>
<referredTableLongName>CIDADES</referredTableLongName>
<deleteRule>NO ACTION</deleteRule>
<referredTableID>C900D849-31B0-5FBD-EFBC-58E824DBD8FD</referredTableID>
<keyObject>EB72332B-5410-6ADD-9DDD-8FCF3BBE5D88</keyObject>
<referredKeyID>EB72332B-5410-6ADD-9DDD-8FCF3BBE5D88</referredKeyID>
<mandatory>true</mandatory>
<refColNames>CID_COD</refColNames>
<transferable>true</transferable>
<rely>false</rely>
<columnDependencyConstraintGenerateInDDL>true</columnDependencyConstraintGenerateInDDL>
</FKIndexAssociation>
