<?xml version = '1.0' encoding = 'UTF-8'?>
<FKIndexAssociation class="oracle.dbtools.crest.model.design.relational.FKIndexAssociation" directorySegmentName="seg_0" id="CA972F5D-7753-7344-6FDB-3FF1723EC2E0" containerWithKeyObject="D4F2E865-1643-C6DE-3FA2-DA77D8AFB60F" localFKIndex="2A31DBEA-764B-425F-5191-A9246C73F618" name="R_COMAN_SER_SERVIÇOS_FK">
<createdBy>jovi_</createdBy>
<createdTime>2024-09-14 23:11:34 UTC</createdTime>
<generatorID>FDF25D28-70A7-378A-C603-36750A138FB0</generatorID>
<ownerDesignName>HOTEL_BD</ownerDesignName>
<referredTableLongName>SERVIÇOS</referredTableLongName>
<deleteRule>NO ACTION</deleteRule>
<referredTableID>D3BDCC23-81B0-FCBE-6127-2D24AF4E6C85</referredTableID>
<keyObject>22D97B8B-8B0D-8442-06D2-B272523A94A4</keyObject>
<referredKeyID>22D97B8B-8B0D-8442-06D2-B272523A94A4</referredKeyID>
<mandatory>true</mandatory>
<refColNames>SERV_COD</refColNames>
<transferable>true</transferable>
<rely>false</rely>
<columnDependencyConstraintGenerateInDDL>true</columnDependencyConstraintGenerateInDDL>
</FKIndexAssociation>
