<?xml version = '1.0' encoding = 'UTF-8'?>
<FKIndexAssociation class="oracle.dbtools.crest.model.design.relational.FKIndexAssociation" directorySegmentName="seg_0" id="D016F779-7FC3-96CC-3BBB-82451F6AECF9" containerWithKeyObject="E5F05126-CC7C-9363-9337-6331B0885492" localFKIndex="BB9411CF-11CE-EDC4-37A4-0308A557B980" name="RESERVAS_PESSOA_FK">
<createdBy>jovi_</createdBy>
<createdTime>2024-09-14 23:11:34 UTC</createdTime>
<generatorID>3E296E7B-3A13-F420-7F1E-1CE9F4EAFFA2</generatorID>
<ownerDesignName>HOTEL_BD</ownerDesignName>
<referredTableLongName>PESSOA</referredTableLongName>
<deleteRule>NO ACTION</deleteRule>
<referredTableID>8EC65710-E4A4-FD35-290E-70B791A703EA</referredTableID>
<keyObject>99EA4B81-D676-2978-ADCA-119A966B5A11</keyObject>
<referredKeyID>99EA4B81-D676-2978-ADCA-119A966B5A11</referredKeyID>
<mandatory>false</mandatory>
<refColNames>PES_CPF</refColNames>
<transferable>true</transferable>
<rely>false</rely>
<columnDependencyConstraintGenerateInDDL>true</columnDependencyConstraintGenerateInDDL>
</FKIndexAssociation>
