<?xml version = '1.0' encoding = 'UTF-8'?>
<Relation class="oracle.dbtools.crest.model.design.logical.Relation" name="LIG_CID" directorySegmentName="seg_0" id="1FCFF778-9B00-BDEB-475B-95FB0F027C48">
<createdBy>jovi_</createdBy>
<createdTime>2024-09-14 22:05:28 UTC</createdTime>
<ownerDesignName>HOTEL_BD</ownerDesignName>
<engineerTo>
<item key="D1F4240B-58E5-84D7-EEAE-34666E2C289C" value="true"/>
</engineerTo>
<sourcePk>449B0355-7EEC-E02D-CD0D-D4CF9CE4D5EC</sourcePk>
<targetPk>6F33404C-BC1B-53B4-0CD4-36382774CE93</targetPk>
<identifying>false</identifying>
<optionalSource>false</optionalSource>
<optionalTarget>true</optionalTarget>
<sourceCardinality>*</sourceCardinality>
<sourceEntity>14D618A3-E8A6-52C4-793B-31E681A5C763</sourceEntity>
<targetCardinalityString>1</targetCardinalityString>
<targetEntity>49F19FC6-B0C0-AEA3-CEA1-E3BDEEB37E06</targetEntity>
<transferable>true</transferable>
<deleteRule>NO ACTION</deleteRule>
</Relation>
