<?xml version = '1.0' encoding = 'UTF-8'?>
<Relation class="oracle.dbtools.crest.model.design.logical.Relation" name="R_PES_HOS" directorySegmentName="seg_0" id="32672A39-A7C2-73F9-2D7F-8BCE6253AC0A">
<createdBy>jovi_</createdBy>
<createdTime>2024-09-14 22:58:47 UTC</createdTime>
<ownerDesignName>HOTEL_BD</ownerDesignName>
<engineerTo>
<item key="D1F4240B-58E5-84D7-EEAE-34666E2C289C" value="true"/>
</engineerTo>
<sourcePk>DC94AEA0-FB29-72AE-6EE6-9FDDCC7F8052</sourcePk>
<targetPk>624DD911-490D-8EAD-60FC-CB5E28BFBDB3</targetPk>
<identifying>false</identifying>
<optionalSource>false</optionalSource>
<optionalTarget>true</optionalTarget>
<sourceCardinality>*</sourceCardinality>
<sourceEntity>58BC57B9-D9AA-FE5D-C99D-95410F286BB0</sourceEntity>
<targetCardinalityString>1</targetCardinalityString>
<targetEntity>2748CE0D-D23C-A4B4-DCEE-52AC8BBF825D</targetEntity>
<transferable>true</transferable>
<deleteRule>NO ACTION</deleteRule>
</Relation>
