<?xml version = '1.0' encoding = 'UTF-8'?>
<Relation class="oracle.dbtools.crest.model.design.logical.Relation" name="R_PES_RES" directorySegmentName="seg_0" id="3E296E7B-3A13-F420-7F1E-1CE9F4EAFFA2">
<createdBy>jovi_</createdBy>
<createdTime>2024-09-14 23:02:35 UTC</createdTime>
<ownerDesignName>HOTEL_BD</ownerDesignName>
<engineerTo>
<item key="D1F4240B-58E5-84D7-EEAE-34666E2C289C" value="true"/>
</engineerTo>
<sourcePk>624DD911-490D-8EAD-60FC-CB5E28BFBDB3</sourcePk>
<identifying>false</identifying>
<optionalSource>true</optionalSource>
<optionalTarget>true</optionalTarget>
<sourceCardinality>1</sourceCardinality>
<sourceEntity>2748CE0D-D23C-A4B4-DCEE-52AC8BBF825D</sourceEntity>
<targetCardinalityString>*</targetCardinalityString>
<targetEntity>C37095A5-A8A4-84AB-2223-39ACE908EECF</targetEntity>
<transferable>true</transferable>
<deleteRule>NO ACTION</deleteRule>
</Relation>
