<?xml version = '1.0' encoding = 'UTF-8'?>
<Relation class="oracle.dbtools.crest.model.design.logical.Relation" name="R_HOS_QRT" directorySegmentName="seg_0" id="A54D5ACA-89C3-EF46-A7B9-AAC32333BF18">
<createdBy>jovi_</createdBy>
<createdTime>2024-09-14 22:57:28 UTC</createdTime>
<ownerDesignName>HOTEL_BD</ownerDesignName>
<engineerTo>
<item key="D1F4240B-58E5-84D7-EEAE-34666E2C289C" value="true"/>
</engineerTo>
<sourcePk>DC94AEA0-FB29-72AE-6EE6-9FDDCC7F8052</sourcePk>
<targetPk>2903EAD7-0F5B-B093-C781-CBF69B0D62B3</targetPk>
<identifying>false</identifying>
<optionalSource>false</optionalSource>
<optionalTarget>true</optionalTarget>
<sourceCardinality>*</sourceCardinality>
<sourceEntity>58BC57B9-D9AA-FE5D-C99D-95410F286BB0</sourceEntity>
<targetCardinalityString>1</targetCardinalityString>
<targetEntity>41F1FA92-5C86-DEC1-337E-FAABB616B34E</targetEntity>
<transferable>true</transferable>
<deleteRule>NO ACTION</deleteRule>
</Relation>
