<?xml version = '1.0' encoding = 'UTF-8'?>
<Relation class="oracle.dbtools.crest.model.design.logical.Relation" name="R_PES_CID" directorySegmentName="seg_0" id="D5531672-1705-C84E-5195-21568168A415">
<createdBy>jovi_</createdBy>
<createdTime>2024-09-14 23:04:04 UTC</createdTime>
<ownerDesignName>HOTEL_BD</ownerDesignName>
<engineerTo>
<item key="D1F4240B-58E5-84D7-EEAE-34666E2C289C" value="true"/>
</engineerTo>
<sourcePk>6F33404C-BC1B-53B4-0CD4-36382774CE93</sourcePk>
<identifying>false</identifying>
<optionalSource>true</optionalSource>
<optionalTarget>false</optionalTarget>
<sourceCardinality>1</sourceCardinality>
<sourceEntity>49F19FC6-B0C0-AEA3-CEA1-E3BDEEB37E06</sourceEntity>
<targetCardinalityString>*</targetCardinalityString>
<targetEntity>2748CE0D-D23C-A4B4-DCEE-52AC8BBF825D</targetEntity>
<transferable>true</transferable>
<deleteRule>NO ACTION</deleteRule>
</Relation>
