<?xml version = '1.0' encoding = 'UTF-8'?>
<Relation class="oracle.dbtools.crest.model.design.logical.Relation" name="R_CID_DDD" directorySegmentName="seg_0" id="F664E91D-ACC4-BF1E-218D-0419941271BF">
<createdBy>jovi_</createdBy>
<createdTime>2024-09-14 20:57:32 UTC</createdTime>
<ownerDesignName>HOTEL_BD</ownerDesignName>
<engineerTo>
<item key="D1F4240B-58E5-84D7-EEAE-34666E2C289C" value="true"/>
</engineerTo>
<sourcePk>A99D5F13-424F-073F-B6FD-2A7B3427AA69</sourcePk>
<targetPk>6F33404C-BC1B-53B4-0CD4-36382774CE93</targetPk>
<identifying>false</identifying>
<optionalSource>false</optionalSource>
<optionalTarget>false</optionalTarget>
<sourceCardinality>1</sourceCardinality>
<sourceEntity>BA2EFB13-5501-9E68-AD25-6941B1C911C9</sourceEntity>
<targetCardinalityString>*</targetCardinalityString>
<targetEntity>49F19FC6-B0C0-AEA3-CEA1-E3BDEEB37E06</targetEntity>
<transferable>true</transferable>
<deleteRule>NO ACTION</deleteRule>
</Relation>
