<?xml version = '1.0' encoding = 'UTF-8'?>
<Diagram class="oracle.dbtools.crest.swingui.logical.DPVLogical" name="Logical" id="1DB83F1C-BAB7-2D33-2473-61F249E54D7A">
<createdBy>jovi_</createdBy>
<modifiedBy>jovi_</modifiedBy>
<createdTime>2024-09-14 17:57:44 UTC</createdTime>
<autoRoute>false</autoRoute>
<boxInbox>true</boxInbox>
<showLegend>false</showLegend>
<showLabels>false</showLabels>
<showRelAttributes>false</showRelAttributes>
<gridEnabled>false</gridEnabled>
<showGrid>false</showGrid>
<diagramColor>-1</diagramColor>
<display>false</display>
<notation>2</notation>
<objectViews>
<OView class="oracle.dbtools.crest.swingui.logical.TVEntity" oid="14D618A3-E8A6-52C4-793B-31E681A5C763" otype="Entity" vid="44298C3F-F9CB-E440-8D8A-E488DF08D7B8">
<hideElementsInCurrentOnly>false</hideElementsInCurrentOnly>
<bounds x="46" y="433" width="207" height="130"/>
</OView>
<OView class="oracle.dbtools.crest.swingui.logical.TVEntity" oid="2748CE0D-D23C-A4B4-DCEE-52AC8BBF825D" otype="Entity" vid="2B049123-FB4C-7A44-A078-830C18D6BE10">
<hideElementsInCurrentOnly>false</hideElementsInCurrentOnly>
<bounds x="345" y="436" width="221" height="102"/>
</OView>
<OView class="oracle.dbtools.crest.swingui.logical.TVEntity" oid="3A580E40-5F7A-22D4-6869-A600752C5B18" otype="Entity" vid="95C6CB0B-6F1B-C545-0F92-F584BB892185">
<hideElementsInCurrentOnly>false</hideElementsInCurrentOnly>
<bounds x="1030" y="22" width="242" height="116"/>
</OView>
<OView class="oracle.dbtools.crest.swingui.logical.TVEntity" oid="41F1FA92-5C86-DEC1-337E-FAABB616B34E" otype="Entity" vid="A0386759-B833-26A3-C404-5AF00FF2F0BD">
<hideElementsInCurrentOnly>false</hideElementsInCurrentOnly>
<bounds x="660" y="24" width="247" height="102"/>
</OView>
<OView class="oracle.dbtools.crest.swingui.logical.TVEntity" oid="49F19FC6-B0C0-AEA3-CEA1-E3BDEEB37E06" otype="Entity" vid="EDC9A711-0EBA-BE8A-9424-F754BBE6B2CA">
<hideElementsInCurrentOnly>false</hideElementsInCurrentOnly>
<bounds x="46" y="208" width="211" height="88"/>
</OView>
<OView class="oracle.dbtools.crest.swingui.logical.TVEntity" oid="58BC57B9-D9AA-FE5D-C99D-95410F286BB0" otype="Entity" vid="6007989B-87AB-446F-70EA-E466C3F57AC6">
<hideElementsInCurrentOnly>false</hideElementsInCurrentOnly>
<bounds x="345" y="208" width="234" height="186"/>
</OView>
<OView class="oracle.dbtools.crest.swingui.logical.TVEntity" oid="8AE6505C-95F4-02BD-5304-F2B5213D8697" otype="Entity" vid="E20BD646-1C38-E05F-BBA9-59851D868356">
<hideElementsInCurrentOnly>false</hideElementsInCurrentOnly>
<bounds x="1030" y="433" width="242" height="116"/>
</OView>
<OView class="oracle.dbtools.crest.swingui.logical.TVEntity" oid="9352C6DD-AD2B-0119-E5F4-8212F6DF5C5D" otype="Entity" vid="DD1E8F98-69A1-235F-A4C8-B3093237FBE1">
<hideElementsInCurrentOnly>false</hideElementsInCurrentOnly>
<bounds x="1030" y="208" width="242" height="116"/>
</OView>
<OView class="oracle.dbtools.crest.swingui.logical.TVEntity" oid="BA2EFB13-5501-9E68-AD25-6941B1C911C9" otype="Entity" vid="8CEEC63C-902C-7CA3-4A1A-0FB4871B5E6A">
<hideElementsInCurrentOnly>false</hideElementsInCurrentOnly>
<bounds x="46" y="24" width="211" height="74"/>
</OView>
<OView class="oracle.dbtools.crest.swingui.logical.TVEntity" oid="C37095A5-A8A4-84AB-2223-39ACE908EECF" otype="Entity" vid="EED994EF-D993-232C-DAEE-7523CDEFC203">
<hideElementsInCurrentOnly>false</hideElementsInCurrentOnly>
<bounds x="345" y="24" width="221" height="130"/>
</OView>
<OView class="oracle.dbtools.crest.swingui.logical.TVEntity" oid="EDC96FA7-2FDE-D108-49E3-6A8D874BF0B3" otype="Entity" vid="FCCB9648-4C01-58E6-C59C-3C45DD839C64">
<hideElementsInCurrentOnly>false</hideElementsInCurrentOnly>
<bounds x="663" y="208" width="247" height="133"/>
</OView>
</objectViews>
<connectors>
<Connector class="oracle.dbtools.crest.swingui.logical.TVRelation" oid="1FCFF778-9B00-BDEB-475B-95FB0F027C48" otype="Relation" vid_source="44298C3F-F9CB-E440-8D8A-E488DF08D7B8" vid_target="EDC9A711-0EBA-BE8A-9424-F754BBE6B2CA">
<hideElementsInCurrentOnly>false</hideElementsInCurrentOnly>
<backgroundColor>-16777216</backgroundColor>
<lineWidth>1</lineWidth>
<points>
<point x="154" y="433"/>
<point x="154" y="296"/>
</points>
</Connector>
<Connector class="oracle.dbtools.crest.swingui.logical.TVRelation" oid="32672A39-A7C2-73F9-2D7F-8BCE6253AC0A" otype="Relation" vid_source="6007989B-87AB-446F-70EA-E466C3F57AC6" vid_target="2B049123-FB4C-7A44-A078-830C18D6BE10">
<hideElementsInCurrentOnly>false</hideElementsInCurrentOnly>
<backgroundColor>-16777216</backgroundColor>
<lineWidth>1</lineWidth>
<points>
<point x="386" y="394"/>
<point x="387" y="436"/>
</points>
</Connector>
<Connector class="oracle.dbtools.crest.swingui.logical.TVRelation" oid="3E296E7B-3A13-F420-7F1E-1CE9F4EAFFA2" otype="Relation" vid_source="2B049123-FB4C-7A44-A078-830C18D6BE10" vid_target="EED994EF-D993-232C-DAEE-7523CDEFC203">
<hideElementsInCurrentOnly>false</hideElementsInCurrentOnly>
<backgroundColor>-16777216</backgroundColor>
<lineWidth>1</lineWidth>
<points>
<point x="454" y="436"/>
<point x="455" y="154"/>
</points>
</Connector>
<Connector class="oracle.dbtools.crest.swingui.logical.TVRelation" oid="4E2D6B55-94E9-9BC4-DF56-C94083599EAD" otype="Relation" vid_source="95C6CB0B-6F1B-C545-0F92-F584BB892185" vid_target="EED994EF-D993-232C-DAEE-7523CDEFC203">
<hideElementsInCurrentOnly>false</hideElementsInCurrentOnly>
<backgroundColor>-16777216</backgroundColor>
<lineWidth>1</lineWidth>
<points>
<point x="1030" y="117"/>
<point x="566" y="117"/>
</points>
</Connector>
<Connector class="oracle.dbtools.crest.swingui.logical.TVRelation" oid="88E62BB1-DB47-6505-FF05-A6DC71A3800B" otype="Relation" vid_source="6007989B-87AB-446F-70EA-E466C3F57AC6" vid_target="44298C3F-F9CB-E440-8D8A-E488DF08D7B8">
<hideElementsInCurrentOnly>false</hideElementsInCurrentOnly>
<backgroundColor>-16777216</backgroundColor>
<lineWidth>1</lineWidth>
<points>
<point x="345" y="375"/>
<point x="253" y="433"/>
</points>
</Connector>
<Connector class="oracle.dbtools.crest.swingui.logical.TVRelation" oid="910AA6CE-442B-B7B9-3AE2-003DE092F722" otype="Relation" vid_source="FCCB9648-4C01-58E6-C59C-3C45DD839C64" vid_target="E20BD646-1C38-E05F-BBA9-59851D868356">
<hideElementsInCurrentOnly>false</hideElementsInCurrentOnly>
<backgroundColor>-16777216</backgroundColor>
<lineWidth>1</lineWidth>
<points>
<point x="910" y="341"/>
<point x="1030" y="434"/>
</points>
</Connector>
<Connector class="oracle.dbtools.crest.swingui.logical.TVRelation" oid="9D3A4234-F81F-5938-9F22-37E82CA87F80" otype="Relation" vid_source="6007989B-87AB-446F-70EA-E466C3F57AC6" vid_target="FCCB9648-4C01-58E6-C59C-3C45DD839C64">
<hideElementsInCurrentOnly>false</hideElementsInCurrentOnly>
<backgroundColor>-16777216</backgroundColor>
<lineWidth>1</lineWidth>
<points>
<point x="579" y="289"/>
<point x="663" y="290"/>
</points>
</Connector>
<Connector class="oracle.dbtools.crest.swingui.logical.TVRelation" oid="A54D5ACA-89C3-EF46-A7B9-AAC32333BF18" otype="Relation" vid_source="6007989B-87AB-446F-70EA-E466C3F57AC6" vid_target="A0386759-B833-26A3-C404-5AF00FF2F0BD">
<hideElementsInCurrentOnly>false</hideElementsInCurrentOnly>
<backgroundColor>-16777216</backgroundColor>
<lineWidth>1</lineWidth>
<points>
<point x="579" y="208"/>
<point x="660" y="126"/>
</points>
</Connector>
<Connector class="oracle.dbtools.crest.swingui.logical.TVRelation" oid="CCAA3C40-AB08-CF47-043D-41F468DD7DED" otype="Relation" vid_source="95C6CB0B-6F1B-C545-0F92-F584BB892185" vid_target="A0386759-B833-26A3-C404-5AF00FF2F0BD">
<hideElementsInCurrentOnly>false</hideElementsInCurrentOnly>
<backgroundColor>-16777216</backgroundColor>
<lineWidth>1</lineWidth>
<points>
<point x="1030" y="42"/>
<point x="907" y="42"/>
</points>
</Connector>
<Connector class="oracle.dbtools.crest.swingui.logical.TVRelation" oid="D5531672-1705-C84E-5195-21568168A415" otype="Relation" vid_source="EDC9A711-0EBA-BE8A-9424-F754BBE6B2CA" vid_target="2B049123-FB4C-7A44-A078-830C18D6BE10">
<hideElementsInCurrentOnly>false</hideElementsInCurrentOnly>
<backgroundColor>-16777216</backgroundColor>
<lineWidth>1</lineWidth>
<points>
<point x="209" y="296"/>
<point x="345" y="438"/>
</points>
</Connector>
<Connector class="oracle.dbtools.crest.swingui.logical.TVRelation" oid="F664E91D-ACC4-BF1E-218D-0419941271BF" otype="Relation" vid_source="8CEEC63C-902C-7CA3-4A1A-0FB4871B5E6A" vid_target="EDC9A711-0EBA-BE8A-9424-F754BBE6B2CA">
<hideElementsInCurrentOnly>false</hideElementsInCurrentOnly>
<backgroundColor>-16777216</backgroundColor>
<lineWidth>1</lineWidth>
<points>
<point x="141" y="98"/>
<point x="141" y="208"/>
</points>
</Connector>
<Connector class="oracle.dbtools.crest.swingui.logical.TVRelation" oid="FDF25D28-70A7-378A-C603-36750A138FB0" otype="Relation" vid_source="FCCB9648-4C01-58E6-C59C-3C45DD839C64" vid_target="DD1E8F98-69A1-235F-A4C8-B3093237FBE1">
<hideElementsInCurrentOnly>false</hideElementsInCurrentOnly>
<backgroundColor>-16777216</backgroundColor>
<lineWidth>1</lineWidth>
<points>
<point x="910" y="227"/>
<point x="1030" y="227"/>
</points>
</Connector>
<Connector class="oracle.dbtools.crest.swingui.logical.TVRelation" oid="FFC9DB60-4EF0-BBC9-CA27-9962826550B4" otype="Relation" vid_source="6007989B-87AB-446F-70EA-E466C3F57AC6" vid_target="EED994EF-D993-232C-DAEE-7523CDEFC203">
<hideElementsInCurrentOnly>false</hideElementsInCurrentOnly>
<backgroundColor>-16777216</backgroundColor>
<lineWidth>1</lineWidth>
<points>
<point x="532" y="208"/>
<point x="531" y="154"/>
</points>
</Connector>
</connectors>
</Diagram>
