<?xml version = '1.0' encoding = 'UTF-8'?>
<Diagram class="oracle.dbtools.crest.swingui.relational.DPVRelational" name="Relational_1" id="44D8D435-8B8C-EEC0-FA40-010FF5FCD96B">
<createdBy>jovi_</createdBy>
<modifiedBy>jovi_</modifiedBy>
<createdTime>2024-09-14 18:14:29 UTC</createdTime>
<autoRoute>false</autoRoute>
<boxInbox>true</boxInbox>
<showLegend>false</showLegend>
<showLabels>false</showLabels>
<showRelAttributes>false</showRelAttributes>
<gridEnabled>false</gridEnabled>
<showGrid>false</showGrid>
<diagramColor>-1</diagramColor>
<display>false</display>
<notation>1</notation>
<objectViews>
<OView class="oracle.dbtools.crest.swingui.relational.TVTable" oid="303AA9F3-5DE6-3C50-2E4E-D3E11931F2F9" otype="Table" vid="C8AB3BDD-D07A-77F5-EB39-4EE18447BB89">
<hideElementsInCurrentOnly>false</hideElementsInCurrentOnly>
<bounds x="46" y="481" width="326" height="164"/>
</OView>
<OView class="oracle.dbtools.crest.swingui.relational.TVTable" oid="41DFDB7A-69F9-BA6A-26D2-F14C77D9B69A" otype="Table" vid="FED3181C-6712-EF0E-F434-518BF98BAB36">
<hideElementsInCurrentOnly>false</hideElementsInCurrentOnly>
<bounds x="804" y="24" width="326" height="108"/>
</OView>
<OView class="oracle.dbtools.crest.swingui.relational.TVTable" oid="641B4CB3-EAE2-1925-1C04-2F6FA9832288" otype="Table" vid="5116A215-DB85-EA82-2445-2A60B4C5C9FA">
<hideElementsInCurrentOnly>false</hideElementsInCurrentOnly>
<bounds x="793" y="539" width="326" height="110"/>
</OView>
<OView class="oracle.dbtools.crest.swingui.relational.TVTable" oid="6E945D4E-C645-766D-9439-AF201438646B" otype="Table" vid="2D022F6F-B464-E861-45BA-2FA83D300985">
<hideElementsInCurrentOnly>false</hideElementsInCurrentOnly>
<bounds x="46" y="24" width="326" height="74"/>
</OView>
<OView class="oracle.dbtools.crest.swingui.relational.TVTable" oid="8C9297F7-078A-33D0-2EA5-AFDEACAC5D92" otype="Table" vid="D3C4D199-AEDC-1CC8-41E4-20C83CC75CFD">
<hideElementsInCurrentOnly>false</hideElementsInCurrentOnly>
<bounds x="1226" y="539" width="326" height="116"/>
</OView>
<OView class="oracle.dbtools.crest.swingui.relational.TVTable" oid="8EC65710-E4A4-FD35-290E-70B791A703EA" otype="Table" vid="D12DA058-AB1C-0231-9643-6178AA050094">
<hideElementsInCurrentOnly>false</hideElementsInCurrentOnly>
<bounds x="413" y="539" width="326" height="102"/>
</OView>
<OView class="oracle.dbtools.crest.swingui.relational.TVTable" oid="B5E00C79-F1AA-6C8E-384C-D26747B72F12" otype="Table" vid="50613108-1367-A95F-0545-9142513D4674">
<hideElementsInCurrentOnly>false</hideElementsInCurrentOnly>
<bounds x="413" y="266" width="326" height="186"/>
</OView>
<OView class="oracle.dbtools.crest.swingui.relational.TVTable" oid="C900D849-31B0-5FBD-EFBC-58E824DBD8FD" otype="Table" vid="6AD2EA85-239C-0F34-A6AA-C5A014528EF1">
<hideElementsInCurrentOnly>false</hideElementsInCurrentOnly>
<bounds x="35" y="266" width="326" height="88"/>
</OView>
<OView class="oracle.dbtools.crest.swingui.relational.TVTable" oid="D109D0B6-2060-71FA-53FF-A7107C13F9B0" otype="Table" vid="EB5FB1A9-4092-C20E-C810-77A6D43565E6">
<hideElementsInCurrentOnly>false</hideElementsInCurrentOnly>
<bounds x="1226" y="22" width="326" height="116"/>
</OView>
<OView class="oracle.dbtools.crest.swingui.relational.TVTable" oid="D3BDCC23-81B0-FCBE-6127-2D24AF4E6C85" otype="Table" vid="0DF5427E-BB6A-CE30-C705-816A2C11332A">
<hideElementsInCurrentOnly>false</hideElementsInCurrentOnly>
<bounds x="1646" y="269" width="242" height="116"/>
</OView>
<OView class="oracle.dbtools.crest.swingui.relational.TVTable" oid="D4F2E865-1643-C6DE-3FA2-DA77D8AFB60F" otype="Table" vid="6E8415C2-C674-10EA-E4D7-906AC69AC6E4">
<hideElementsInCurrentOnly>false</hideElementsInCurrentOnly>
<bounds x="1226" y="269" width="326" height="116"/>
</OView>
<OView class="oracle.dbtools.crest.swingui.relational.TVTable" oid="E5F05126-CC7C-9363-9337-6331B0885492" otype="Table" vid="6D7E1D0E-94B8-3AD4-7413-BAC585739F33">
<hideElementsInCurrentOnly>false</hideElementsInCurrentOnly>
<bounds x="424" y="24" width="326" height="150"/>
</OView>
<OView class="oracle.dbtools.crest.swingui.relational.TVTable" oid="F74545F3-2E50-1970-9A6A-0526AAAE5F74" otype="Table" vid="89CF5E1D-CDC9-4A3B-1902-2196B85ED504">
<hideElementsInCurrentOnly>false</hideElementsInCurrentOnly>
<bounds x="793" y="266" width="326" height="122"/>
</OView>
</objectViews>
<connectors>
<Connector class="oracle.dbtools.crest.swingui.relational.TVFKRelation" oid="35F31447-0DA3-EAD4-A813-517C00D5BC7D" otype="FKIndexAssociation" vid_source="50613108-1367-A95F-0545-9142513D4674" vid_target="C8AB3BDD-D07A-77F5-EB39-4EE18447BB89">
<hideElementsInCurrentOnly>false</hideElementsInCurrentOnly>
<backgroundColor>-16777216</backgroundColor>
<lineWidth>1</lineWidth>
<points>
<point x="413" y="449"/>
<point x="372" y="481"/>
</points>
</Connector>
<Connector class="oracle.dbtools.crest.swingui.relational.TVFKRelation" oid="4BB1A541-AB3C-98B5-5F08-6DEE9452778A" otype="FKIndexAssociation" vid_source="6D7E1D0E-94B8-3AD4-7413-BAC585739F33" vid_target="50613108-1367-A95F-0545-9142513D4674">
<hideElementsInCurrentOnly>false</hideElementsInCurrentOnly>
<backgroundColor>-16777216</backgroundColor>
<lineWidth>1</lineWidth>
<points>
<point x="596" y="174"/>
<point x="596" y="266"/>
</points>
</Connector>
<Connector class="oracle.dbtools.crest.swingui.relational.TVFKRelation" oid="52C88E77-C66B-3A3B-08B5-A31263737C2E" otype="FKIndexAssociation" vid_source="89CF5E1D-CDC9-4A3B-1902-2196B85ED504" vid_target="6E8415C2-C674-10EA-E4D7-906AC69AC6E4">
<hideElementsInCurrentOnly>false</hideElementsInCurrentOnly>
<backgroundColor>-16777216</backgroundColor>
<lineWidth>1</lineWidth>
<points>
<point x="1119" y="327"/>
<point x="1226" y="327"/>
</points>
</Connector>
<Connector class="oracle.dbtools.crest.swingui.relational.TVFKRelation" oid="5D5E302E-D744-47DB-AE49-6A96824E67E0" otype="FKIndexAssociation" vid_source="D3C4D199-AEDC-1CC8-41E4-20C83CC75CFD" vid_target="5116A215-DB85-EA82-2445-2A60B4C5C9FA">
<hideElementsInCurrentOnly>false</hideElementsInCurrentOnly>
<backgroundColor>-16777216</backgroundColor>
<lineWidth>1</lineWidth>
<points>
<point x="1226" y="594"/>
<point x="1119" y="594"/>
</points>
</Connector>
<Connector class="oracle.dbtools.crest.swingui.relational.TVFKRelation" oid="63F9050B-1BD6-2DC7-63DF-61FBE8A2DDBD" otype="FKIndexAssociation" vid_source="50613108-1367-A95F-0545-9142513D4674" vid_target="89CF5E1D-CDC9-4A3B-1902-2196B85ED504">
<hideElementsInCurrentOnly>false</hideElementsInCurrentOnly>
<backgroundColor>-16777216</backgroundColor>
<lineWidth>1</lineWidth>
<points>
<point x="739" y="327"/>
<point x="793" y="327"/>
</points>
</Connector>
<Connector class="oracle.dbtools.crest.swingui.relational.TVFKRelation" oid="6805E248-BC7F-FE79-63C5-8A6E3EA1043E" otype="FKIndexAssociation" vid_source="D12DA058-AB1C-0231-9643-6178AA050094" vid_target="50613108-1367-A95F-0545-9142513D4674">
<hideElementsInCurrentOnly>false</hideElementsInCurrentOnly>
<backgroundColor>-16777216</backgroundColor>
<lineWidth>1</lineWidth>
<points>
<point x="576" y="539"/>
<point x="576" y="452"/>
</points>
</Connector>
<Connector class="oracle.dbtools.crest.swingui.relational.TVFKRelation" oid="A7E4E25E-08ED-3619-7225-C1E2D87C6213" otype="FKIndexAssociation" vid_source="6AD2EA85-239C-0F34-A6AA-C5A014528EF1" vid_target="C8AB3BDD-D07A-77F5-EB39-4EE18447BB89">
<hideElementsInCurrentOnly>false</hideElementsInCurrentOnly>
<backgroundColor>-16777216</backgroundColor>
<lineWidth>1</lineWidth>
<points>
<point x="203" y="354"/>
<point x="203" y="481"/>
</points>
</Connector>
<Connector class="oracle.dbtools.crest.swingui.relational.TVFKRelation" oid="A9FDC324-86FC-54F4-C67C-F757B8F0A93B" otype="FKIndexAssociation" vid_source="89CF5E1D-CDC9-4A3B-1902-2196B85ED504" vid_target="5116A215-DB85-EA82-2445-2A60B4C5C9FA">
<hideElementsInCurrentOnly>false</hideElementsInCurrentOnly>
<backgroundColor>-16777216</backgroundColor>
<lineWidth>1</lineWidth>
<points>
<point x="956" y="388"/>
<point x="956" y="539"/>
</points>
</Connector>
<Connector class="oracle.dbtools.crest.swingui.relational.TVFKRelation" oid="B3FF4CAD-693A-3F21-FA1A-5DB462DDA57C" otype="FKIndexAssociation" vid_source="2D022F6F-B464-E861-45BA-2FA83D300985" vid_target="6AD2EA85-239C-0F34-A6AA-C5A014528EF1">
<hideElementsInCurrentOnly>false</hideElementsInCurrentOnly>
<backgroundColor>-16777216</backgroundColor>
<lineWidth>1</lineWidth>
<points>
<point x="203" y="98"/>
<point x="203" y="266"/>
</points>
</Connector>
<Connector class="oracle.dbtools.crest.swingui.relational.TVFKRelation" oid="B6876030-E117-B864-5D81-F5853119773D" otype="FKIndexAssociation" vid_source="FED3181C-6712-EF0E-F434-518BF98BAB36" vid_target="50613108-1367-A95F-0545-9142513D4674">
<hideElementsInCurrentOnly>false</hideElementsInCurrentOnly>
<backgroundColor>-16777216</backgroundColor>
<lineWidth>1</lineWidth>
<points>
<point x="804" y="132"/>
<point x="738" y="266"/>
</points>
</Connector>
<Connector class="oracle.dbtools.crest.swingui.relational.TVFKRelation" oid="B822326D-5D78-93FE-BD96-3516B423A551" otype="FKIndexAssociation" vid_source="EB5FB1A9-4092-C20E-C810-77A6D43565E6" vid_target="6D7E1D0E-94B8-3AD4-7413-BAC585739F33">
<hideElementsInCurrentOnly>false</hideElementsInCurrentOnly>
<backgroundColor>-16777216</backgroundColor>
<lineWidth>1</lineWidth>
<points>
<point x="1226" y="110"/>
<point x="750" y="114"/>
</points>
</Connector>
<Connector class="oracle.dbtools.crest.swingui.relational.TVFKRelation" oid="C0FD35A9-2843-B8B9-D9B6-89058F64C87D" otype="FKIndexAssociation" vid_source="6AD2EA85-239C-0F34-A6AA-C5A014528EF1" vid_target="D12DA058-AB1C-0231-9643-6178AA050094">
<hideElementsInCurrentOnly>false</hideElementsInCurrentOnly>
<backgroundColor>-16777216</backgroundColor>
<lineWidth>1</lineWidth>
<points>
<point x="257" y="354"/>
<point x="413" y="539"/>
</points>
</Connector>
<Connector class="oracle.dbtools.crest.swingui.relational.TVFKRelation" oid="CA972F5D-7753-7344-6FDB-3FF1723EC2E0" otype="FKIndexAssociation" vid_source="0DF5427E-BB6A-CE30-C705-816A2C11332A" vid_target="6E8415C2-C674-10EA-E4D7-906AC69AC6E4">
<hideElementsInCurrentOnly>false</hideElementsInCurrentOnly>
<backgroundColor>-16777216</backgroundColor>
<lineWidth>1</lineWidth>
<points>
<point x="1646" y="328"/>
<point x="1552" y="328"/>
</points>
</Connector>
<Connector class="oracle.dbtools.crest.swingui.relational.TVFKRelation" oid="D016F779-7FC3-96CC-3BBB-82451F6AECF9" otype="FKIndexAssociation" vid_source="D12DA058-AB1C-0231-9643-6178AA050094" vid_target="6D7E1D0E-94B8-3AD4-7413-BAC585739F33">
<hideElementsInCurrentOnly>false</hideElementsInCurrentOnly>
<backgroundColor>-16777216</backgroundColor>
<lineWidth>1</lineWidth>
<points>
<point x="596" y="539"/>
<point x="596" y="174"/>
</points>
</Connector>
<Connector class="oracle.dbtools.crest.swingui.relational.TVFKRelation" oid="D125CFC0-4B30-01BB-E28A-02BE84EBFA26" otype="FKIndexAssociation" vid_source="EB5FB1A9-4092-C20E-C810-77A6D43565E6" vid_target="FED3181C-6712-EF0E-F434-518BF98BAB36">
<hideElementsInCurrentOnly>false</hideElementsInCurrentOnly>
<backgroundColor>-16777216</backgroundColor>
<lineWidth>1</lineWidth>
<points>
<point x="1226" y="44"/>
<point x="1130" y="43"/>
</points>
</Connector>
</connectors>
</Diagram>
