<?xml version = '1.0' encoding = 'UTF-8'?>
<Table class="oracle.dbtools.crest.model.design.relational.Table" directorySegmentName="seg_0" id="41DFDB7A-69F9-BA6A-26D2-F14C77D9B69A" name="QUARTO">
<createdBy>jovi_</createdBy>
<createdTime>2024-09-14 23:11:34 UTC</createdTime>
<generatorID>41F1FA92-5C86-DEC1-337E-FAABB616B34E</generatorID>
<ownerDesignName>HOTEL_BD</ownerDesignName>
<allowColumnReorder>false</allowColumnReorder>
<existDependencyGenerateInDDl>true</existDependencyGenerateInDDl>
<parsed>true</parsed>
<columns itemClass="oracle.dbtools.crest.model.design.relational.Column">
<Column name="QUA_COD" id="78597BCD-5C1F-6446-A27C-2887A4DA6250">
<createdBy>jovi_</createdBy>
<createdTime>2024-09-14 23:11:34 UTC</createdTime>
<generatorID>A0BE7DD4-86CA-EE23-4CEF-439DE486ED87</generatorID>
<ownerDesignName>HOTEL_BD</ownerDesignName>
<useDomainConstraints>false</useDomainConstraints>
<use>1</use>
<logicalDatatype>LOGDT019</logicalDatatype>
<dataTypePrecision>10</dataTypePrecision>
<ownDataTypeParameters>,10,</ownDataTypeParameters>
<autoIncrementCycle>false</autoIncrementCycle>
</Column>
<Column name="QUA_NUM" id="445BF6E9-0C0B-8691-456F-FF36AE83C705">
<createdBy>jovi_</createdBy>
<createdTime>2024-09-14 23:11:34 UTC</createdTime>
<generatorID>6E7B4047-37F1-35DA-08EA-AAC5A93CD648</generatorID>
<ownerDesignName>HOTEL_BD</ownerDesignName>
<nullsAllowed>true</nullsAllowed>
<useDomainConstraints>false</useDomainConstraints>
<use>1</use>
<logicalDatatype>LOGDT019</logicalDatatype>
<dataTypePrecision>10</dataTypePrecision>
<ownDataTypeParameters>,10,</ownDataTypeParameters>
<autoIncrementCycle>false</autoIncrementCycle>
</Column>
<Column name="CATEGORIA_CAT_COD" id="F7AB2A03-4A5C-B32B-6188-5D2DC413CD0B">
<createdBy>jovi_</createdBy>
<createdTime>2024-09-14 23:11:34 UTC</createdTime>
<generatorID>9DBEC1CB-7A4B-714F-F7B0-6B9486DF7F24</generatorID>
<ownerDesignName>HOTEL_BD</ownerDesignName>
<useDomainConstraints>false</useDomainConstraints>
<use>1</use>
<logicalDatatype>LOGDT019</logicalDatatype>
<dataTypePrecision>10</dataTypePrecision>
<ownDataTypeParameters>,,</ownDataTypeParameters>
<previousColumn>false</previousColumn>
<autoIncrementCycle>false</autoIncrementCycle>
<associations>
<colAssociation fkAssociation="D125CFC0-4B30-01BB-E28A-02BE84EBFA26" referredColumn="3E62D77D-842E-BD6B-9491-0A60BC24E4CA"/>
</associations>
</Column>
</columns>
<indexes itemClass="oracle.dbtools.crest.model.design.relational.Index">
<ind_PK_UK id="50BB6E38-D6E5-B982-636F-C23C059490DA" name="QUARTO_PK">
<createdBy>jovi_</createdBy>
<createdTime>2024-09-14 23:11:34 UTC</createdTime>
<generatorID>2903EAD7-0F5B-B093-C781-CBF69B0D62B3</generatorID>
<ownerDesignName>HOTEL_BD</ownerDesignName>
<pk>true</pk>
<indexState>Primary Constraint</indexState>
<isSurrogateKey>false</isSurrogateKey>
<indexColumnUsage>
<colUsage columnID="78597BCD-5C1F-6446-A27C-2887A4DA6250"/>
</indexColumnUsage>
</ind_PK_UK>
<ind_PK_UK id="7D44B7E5-3EA3-3CF5-D7ED-3CE2A2349FA2" name="QUARTO_CATEGORIA_FK">
<createdBy>jovi_</createdBy>
<createdTime>2024-09-14 23:11:34 UTC</createdTime>
<generatorID>CCAA3C40-AB08-CF47-043D-41F468DD7DED</generatorID>
<ownerDesignName>HOTEL_BD</ownerDesignName>
<indexState>Foreign Key</indexState>
<isSurrogateKey>false</isSurrogateKey>
<indexColumnUsage>
<colUsage columnID="F7AB2A03-4A5C-B32B-6188-5D2DC413CD0B"/>
</indexColumnUsage>
</ind_PK_UK>
</indexes>
</Table>
