<?xml version = '1.0' encoding = 'UTF-8'?>
<Table class="oracle.dbtools.crest.model.design.relational.Table" directorySegmentName="seg_0" id="641B4CB3-EAE2-1925-1C04-2F6FA9832288" name="R_COMAN_PROD">
<createdBy>jovi_</createdBy>
<createdTime>2024-09-14 23:11:34 UTC</createdTime>
<ownerDesignName>HOTEL_BD</ownerDesignName>
<allowColumnReorder>false</allowColumnReorder>
<existDependencyGenerateInDDl>true</existDependencyGenerateInDDl>
<parsed>true</parsed>
<columns itemClass="oracle.dbtools.crest.model.design.relational.Column">
<Column name="COMANDA_COMAN_COD" id="8FC46256-9388-1B62-FD0C-B989F6EEEC5B">
<createdBy>jovi_</createdBy>
<createdTime>2024-09-14 23:11:34 UTC</createdTime>
<ownerDesignName>HOTEL_BD</ownerDesignName>
<useDomainConstraints>false</useDomainConstraints>
<use>1</use>
<logicalDatatype>LOGDT019</logicalDatatype>
<dataTypePrecision>10</dataTypePrecision>
<ownDataTypeParameters>,,</ownDataTypeParameters>
<previousColumn>false</previousColumn>
<autoIncrementCycle>false</autoIncrementCycle>
<associations>
<colAssociation fkAssociation="A9FDC324-86FC-54F4-C67C-F757B8F0A93B" referredColumn="76C090EF-452D-287A-6438-FA747525B96F"/>
</associations>
</Column>
<Column name="PRODUTOS_PROD_COD" id="C1F42BA2-D56E-0DBE-FEEC-60B573E41EC1">
<createdBy>jovi_</createdBy>
<createdTime>2024-09-14 23:11:34 UTC</createdTime>
<ownerDesignName>HOTEL_BD</ownerDesignName>
<useDomainConstraints>false</useDomainConstraints>
<use>1</use>
<logicalDatatype>LOGDT019</logicalDatatype>
<dataTypePrecision>5</dataTypePrecision>
<ownDataTypeParameters>,,</ownDataTypeParameters>
<previousColumn>false</previousColumn>
<autoIncrementCycle>false</autoIncrementCycle>
<associations>
<colAssociation fkAssociation="5D5E302E-D744-47DB-AE49-6A96824E67E0" referredColumn="93BAF7CD-C1CA-8AA4-D20F-90DC1D7424CF"/>
</associations>
</Column>
</columns>
<indexes itemClass="oracle.dbtools.crest.model.design.relational.Index">
<ind_PK_UK id="7A519B3E-9082-8CE0-4554-D373CB70756C" name="R_COMAN_PROD_PK">
<createdBy>jovi_</createdBy>
<createdTime>2024-09-14 23:11:34 UTC</createdTime>
<ownerDesignName>HOTEL_BD</ownerDesignName>
<pk>true</pk>
<indexState>Primary Constraint</indexState>
<isSurrogateKey>false</isSurrogateKey>
<indexColumnUsage>
<colUsage columnID="8FC46256-9388-1B62-FD0C-B989F6EEEC5B"/>
<colUsage columnID="C1F42BA2-D56E-0DBE-FEEC-60B573E41EC1"/>
</indexColumnUsage>
</ind_PK_UK>
<ind_PK_UK id="902E0FAF-E769-285C-5929-25AFB85A07F5" name="R_COMAN_PROD_COMANDA_FK">
<createdBy>jovi_</createdBy>
<createdTime>2024-09-14 23:11:34 UTC</createdTime>
<generatorID>910AA6CE-442B-B7B9-3AE2-003DE092F722</generatorID>
<ownerDesignName>HOTEL_BD</ownerDesignName>
<indexState>Foreign Key</indexState>
<isSurrogateKey>false</isSurrogateKey>
<indexColumnUsage>
<colUsage columnID="8FC46256-9388-1B62-FD0C-B989F6EEEC5B"/>
</indexColumnUsage>
</ind_PK_UK>
<ind_PK_UK id="906FCD39-1653-AC9F-87F9-CC0C617422B0" name="R_COMAN_PROD_PRODUTOS_FK">
<createdBy>jovi_</createdBy>
<createdTime>2024-09-14 23:11:34 UTC</createdTime>
<generatorID>910AA6CE-442B-B7B9-3AE2-003DE092F722</generatorID>
<ownerDesignName>HOTEL_BD</ownerDesignName>
<indexState>Foreign Key</indexState>
<isSurrogateKey>false</isSurrogateKey>
<indexColumnUsage>
<colUsage columnID="C1F42BA2-D56E-0DBE-FEEC-60B573E41EC1"/>
</indexColumnUsage>
</ind_PK_UK>
</indexes>
</Table>
