<?xml version = '1.0' encoding = 'UTF-8'?>
<Table class="oracle.dbtools.crest.model.design.relational.Table" directorySegmentName="seg_0" id="8EC65710-E4A4-FD35-290E-70B791A703EA" name="PESSOA">
<createdBy>jovi_</createdBy>
<createdTime>2024-09-14 23:11:34 UTC</createdTime>
<generatorID>2748CE0D-D23C-A4B4-DCEE-52AC8BBF825D</generatorID>
<ownerDesignName>HOTEL_BD</ownerDesignName>
<allowColumnReorder>false</allowColumnReorder>
<existDependencyGenerateInDDl>true</existDependencyGenerateInDDl>
<parsed>true</parsed>
<columns itemClass="oracle.dbtools.crest.model.design.relational.Column">
<Column name="PES_NOME" id="AA39BB90-C7B5-65DB-8FB2-DDE30819E33A">
<createdBy>jovi_</createdBy>
<createdTime>2024-09-14 23:11:34 UTC</createdTime>
<generatorID>E72A9B29-D97C-6441-9C7B-B9F556CF9A6A</generatorID>
<ownerDesignName>HOTEL_BD</ownerDesignName>
<useDomainConstraints>false</useDomainConstraints>
<use>1</use>
<logicalDatatype>LOGDT024</logicalDatatype>
<dataTypeSize>50</dataTypeSize>
<ownDataTypeParameters>50,,</ownDataTypeParameters>
<autoIncrementCycle>false</autoIncrementCycle>
</Column>
<Column name="PES_CPF" id="1D49E7D7-DF04-D54A-8893-898FDF86255A">
<createdBy>jovi_</createdBy>
<createdTime>2024-09-14 23:11:34 UTC</createdTime>
<generatorID>AB60ED64-9048-43B8-D71D-148A03F400EC</generatorID>
<ownerDesignName>HOTEL_BD</ownerDesignName>
<useDomainConstraints>false</useDomainConstraints>
<use>1</use>
<logicalDatatype>LOGDT024</logicalDatatype>
<dataTypeSize>16</dataTypeSize>
<ownDataTypeParameters>16,,</ownDataTypeParameters>
<autoIncrementCycle>false</autoIncrementCycle>
</Column>
<Column name="PES_IDADE" id="F15AB80C-680B-D5E4-4D4C-F4D9241F6D23">
<createdBy>jovi_</createdBy>
<createdTime>2024-09-14 23:11:34 UTC</createdTime>
<generatorID>0D6046D9-692C-C05A-A664-9B91769CC091</generatorID>
<ownerDesignName>HOTEL_BD</ownerDesignName>
<useDomainConstraints>false</useDomainConstraints>
<use>1</use>
<logicalDatatype>LOGDT019</logicalDatatype>
<ownDataTypeParameters>,,</ownDataTypeParameters>
<autoIncrementCycle>false</autoIncrementCycle>
</Column>
<Column name="CIDADES_CID_COD" id="363B0E62-29EE-BC49-8845-FF54517C3BCE">
<createdBy>jovi_</createdBy>
<createdTime>2024-09-14 23:11:34 UTC</createdTime>
<generatorID>D03FDC1F-CBE8-E27D-F777-4A345C809193</generatorID>
<ownerDesignName>HOTEL_BD</ownerDesignName>
<useDomainConstraints>false</useDomainConstraints>
<use>1</use>
<logicalDatatype>LOGDT019</logicalDatatype>
<dataTypePrecision>10</dataTypePrecision>
<ownDataTypeParameters>,,</ownDataTypeParameters>
<previousColumn>false</previousColumn>
<autoIncrementCycle>false</autoIncrementCycle>
<associations>
<colAssociation fkAssociation="C0FD35A9-2843-B8B9-D9B6-89058F64C87D" referredColumn="0EF20E0B-F679-BF71-03E4-4EAA67C22A49"/>
</associations>
</Column>
</columns>
<indexes itemClass="oracle.dbtools.crest.model.design.relational.Index">
<ind_PK_UK id="99EA4B81-D676-2978-ADCA-119A966B5A11" name="PESSOA_PK">
<createdBy>jovi_</createdBy>
<createdTime>2024-09-14 23:11:34 UTC</createdTime>
<generatorID>624DD911-490D-8EAD-60FC-CB5E28BFBDB3</generatorID>
<ownerDesignName>HOTEL_BD</ownerDesignName>
<pk>true</pk>
<indexState>Primary Constraint</indexState>
<isSurrogateKey>false</isSurrogateKey>
<indexColumnUsage>
<colUsage columnID="1D49E7D7-DF04-D54A-8893-898FDF86255A"/>
</indexColumnUsage>
</ind_PK_UK>
<ind_PK_UK id="12EE7512-8694-72EE-ADCA-B22F8CEF7CD3" name="PESSOA_CIDADES_FK">
<createdBy>jovi_</createdBy>
<createdTime>2024-09-14 23:11:34 UTC</createdTime>
<generatorID>D5531672-1705-C84E-5195-21568168A415</generatorID>
<ownerDesignName>HOTEL_BD</ownerDesignName>
<indexState>Foreign Key</indexState>
<isSurrogateKey>false</isSurrogateKey>
<indexColumnUsage>
<colUsage columnID="363B0E62-29EE-BC49-8845-FF54517C3BCE"/>
</indexColumnUsage>
</ind_PK_UK>
</indexes>
</Table>
