<?xml version = '1.0' encoding = 'UTF-8'?>
<Table class="oracle.dbtools.crest.model.design.relational.Table" directorySegmentName="seg_0" id="B5E00C79-F1AA-6C8E-384C-D26747B72F12" name="HOSPEDAGEM">
<createdBy>jovi_</createdBy>
<createdTime>2024-09-14 23:11:34 UTC</createdTime>
<generatorID>58BC57B9-D9AA-FE5D-C99D-95410F286BB0</generatorID>
<ownerDesignName>HOTEL_BD</ownerDesignName>
<allowColumnReorder>false</allowColumnReorder>
<existDependencyGenerateInDDl>true</existDependencyGenerateInDDl>
<parsed>true</parsed>
<columns itemClass="oracle.dbtools.crest.model.design.relational.Column">
<Column name="HOS_COD" id="9701F1BC-4774-D248-DDC8-6CF1EFC6C2DA">
<createdBy>jovi_</createdBy>
<createdTime>2024-09-14 23:11:34 UTC</createdTime>
<generatorID>3DD14BC9-69C2-D1FF-18EB-3BBC42CA2287</generatorID>
<ownerDesignName>HOTEL_BD</ownerDesignName>
<useDomainConstraints>false</useDomainConstraints>
<use>1</use>
<logicalDatatype>LOGDT019</logicalDatatype>
<dataTypePrecision>10</dataTypePrecision>
<ownDataTypeParameters>,10,</ownDataTypeParameters>
<autoIncrementCycle>false</autoIncrementCycle>
</Column>
<Column name="HOS_DATA_INI" id="A6C812A9-E1C6-4C79-ECD6-19B16C9AD98D">
<createdBy>jovi_</createdBy>
<createdTime>2024-09-14 23:11:34 UTC</createdTime>
<generatorID>3ECFB56F-9988-4594-FFD7-03CAE0CEA7EF</generatorID>
<ownerDesignName>HOTEL_BD</ownerDesignName>
<useDomainConstraints>false</useDomainConstraints>
<use>1</use>
<logicalDatatype>LOGDT007</logicalDatatype>
<ownDataTypeParameters>,,</ownDataTypeParameters>
<autoIncrementCycle>false</autoIncrementCycle>
</Column>
<Column name="HOS_DATA_FIM" id="217ADAE2-2C88-22FC-58AE-EBD5E94087D6">
<createdBy>jovi_</createdBy>
<createdTime>2024-09-14 23:11:34 UTC</createdTime>
<generatorID>E7FE4F15-9862-71F4-2EFD-49B0B35FE686</generatorID>
<ownerDesignName>HOTEL_BD</ownerDesignName>
<useDomainConstraints>false</useDomainConstraints>
<use>1</use>
<logicalDatatype>LOGDT007</logicalDatatype>
<ownDataTypeParameters>,,</ownDataTypeParameters>
<autoIncrementCycle>false</autoIncrementCycle>
</Column>
<Column name="HOS_TOT" id="64FAFCEE-A77C-F3B2-60DC-F25B2962B0BF">
<createdBy>jovi_</createdBy>
<createdTime>2024-09-14 23:11:34 UTC</createdTime>
<generatorID>BFE99F6B-74C9-AB75-804D-B34853F917F8</generatorID>
<ownerDesignName>HOTEL_BD</ownerDesignName>
<nullsAllowed>true</nullsAllowed>
<useDomainConstraints>false</useDomainConstraints>
<use>1</use>
<logicalDatatype>LOGDT019</logicalDatatype>
<dataTypePrecision>15</dataTypePrecision>
<dataTypeScale>2</dataTypeScale>
<ownDataTypeParameters>,15,2</ownDataTypeParameters>
<autoIncrementCycle>false</autoIncrementCycle>
</Column>
<Column name="HOS_PAG" id="7F9934A4-C074-3FD6-CDF1-FD9CEC97AD65">
<createdBy>jovi_</createdBy>
<createdTime>2024-09-14 23:11:34 UTC</createdTime>
<generatorID>DB02548E-2E96-B29B-4411-39A85AB03B22</generatorID>
<ownerDesignName>HOTEL_BD</ownerDesignName>
<nullsAllowed>true</nullsAllowed>
<useDomainConstraints>false</useDomainConstraints>
<use>1</use>
<logicalDatatype>LOGDT019</logicalDatatype>
<dataTypePrecision>10</dataTypePrecision>
<ownDataTypeParameters>,10,</ownDataTypeParameters>
<autoIncrementCycle>false</autoIncrementCycle>
</Column>
<Column name="HOS_CRI" id="2A95A9F1-18A0-AC71-92EA-444AC037478D">
<createdBy>jovi_</createdBy>
<createdTime>2024-09-14 23:11:34 UTC</createdTime>
<generatorID>CFCEF7C3-8DA1-5245-FA8F-BF5378B97577</generatorID>
<ownerDesignName>HOTEL_BD</ownerDesignName>
<nullsAllowed>true</nullsAllowed>
<useDomainConstraints>false</useDomainConstraints>
<use>1</use>
<logicalDatatype>LOGDT019</logicalDatatype>
<dataTypePrecision>10</dataTypePrecision>
<ownDataTypeParameters>,10,</ownDataTypeParameters>
<autoIncrementCycle>false</autoIncrementCycle>
</Column>
<Column name="HOS_ADU" id="3F565740-6822-3885-7A39-8C8347FED3C9">
<createdBy>jovi_</createdBy>
<createdTime>2024-09-14 23:11:34 UTC</createdTime>
<generatorID>CCD20CB6-A6F3-A138-47A2-1BD203C934A7</generatorID>
<ownerDesignName>HOTEL_BD</ownerDesignName>
<nullsAllowed>true</nullsAllowed>
<useDomainConstraints>false</useDomainConstraints>
<use>1</use>
<logicalDatatype>LOGDT019</logicalDatatype>
<dataTypePrecision>10</dataTypePrecision>
<ownDataTypeParameters>,10,</ownDataTypeParameters>
<autoIncrementCycle>false</autoIncrementCycle>
</Column>
<Column name="RESERVAS_RES_COD" id="65292796-D3FF-4AE3-7D17-27F20ADAC46B">
<createdBy>jovi_</createdBy>
<createdTime>2024-09-14 23:11:34 UTC</createdTime>
<generatorID>1DDB5E8F-134D-3ACD-95CF-333E6597C0CC</generatorID>
<ownerDesignName>HOTEL_BD</ownerDesignName>
<nullsAllowed>true</nullsAllowed>
<useDomainConstraints>false</useDomainConstraints>
<use>1</use>
<logicalDatatype>LOGDT019</logicalDatatype>
<dataTypePrecision>10</dataTypePrecision>
<ownDataTypeParameters>,,</ownDataTypeParameters>
<previousColumn>false</previousColumn>
<autoIncrementCycle>false</autoIncrementCycle>
<associations>
<colAssociation fkAssociation="4BB1A541-AB3C-98B5-5F08-6DEE9452778A" referredColumn="C1EA76AA-8BCB-D6C1-5FC0-6D4FBA2D6461"/>
</associations>
</Column>
<Column name="QUARTO_QUA_COD" id="0F542B17-C225-B0CA-0914-87BD333AAEC5">
<createdBy>jovi_</createdBy>
<createdTime>2024-09-14 23:11:34 UTC</createdTime>
<generatorID>1A623EFB-98D4-11AA-7976-C26FB9EB6172</generatorID>
<ownerDesignName>HOTEL_BD</ownerDesignName>
<useDomainConstraints>false</useDomainConstraints>
<use>1</use>
<logicalDatatype>LOGDT019</logicalDatatype>
<dataTypePrecision>10</dataTypePrecision>
<ownDataTypeParameters>,,</ownDataTypeParameters>
<previousColumn>false</previousColumn>
<autoIncrementCycle>false</autoIncrementCycle>
<associations>
<colAssociation fkAssociation="B6876030-E117-B864-5D81-F5853119773D" referredColumn="78597BCD-5C1F-6446-A27C-2887A4DA6250"/>
</associations>
</Column>
<Column name="PESSOA_PES_CPF" id="9D5B167F-D943-A32E-B564-41872B3B68E3">
<createdBy>jovi_</createdBy>
<createdTime>2024-09-14 23:11:34 UTC</createdTime>
<generatorID>133BE4DA-0005-E61F-AD89-490304006D04</generatorID>
<ownerDesignName>HOTEL_BD</ownerDesignName>
<useDomainConstraints>false</useDomainConstraints>
<use>1</use>
<logicalDatatype>LOGDT024</logicalDatatype>
<dataTypeSize>16</dataTypeSize>
<ownDataTypeParameters>,,</ownDataTypeParameters>
<previousColumn>false</previousColumn>
<autoIncrementCycle>false</autoIncrementCycle>
<associations>
<colAssociation fkAssociation="6805E248-BC7F-FE79-63C5-8A6E3EA1043E" referredColumn="1D49E7D7-DF04-D54A-8893-898FDF86255A"/>
</associations>
</Column>
</columns>
<indexes itemClass="oracle.dbtools.crest.model.design.relational.Index">
<ind_PK_UK id="358E802C-94AC-3011-43CE-8ADE4CA6B1BB" name="HOSPEDAGEM_PK">
<createdBy>jovi_</createdBy>
<createdTime>2024-09-14 23:11:34 UTC</createdTime>
<generatorID>DC94AEA0-FB29-72AE-6EE6-9FDDCC7F8052</generatorID>
<ownerDesignName>HOTEL_BD</ownerDesignName>
<pk>true</pk>
<indexState>Primary Constraint</indexState>
<isSurrogateKey>false</isSurrogateKey>
<indexColumnUsage>
<colUsage columnID="9701F1BC-4774-D248-DDC8-6CF1EFC6C2DA"/>
</indexColumnUsage>
</ind_PK_UK>
<ind_PK_UK id="3F0D837A-DD1F-9C68-BAD5-DC71799D5161" name="HOSPEDAGEM_QUARTO_FK">
<createdBy>jovi_</createdBy>
<createdTime>2024-09-14 23:11:34 UTC</createdTime>
<generatorID>A54D5ACA-89C3-EF46-A7B9-AAC32333BF18</generatorID>
<ownerDesignName>HOTEL_BD</ownerDesignName>
<indexState>Foreign Key</indexState>
<isSurrogateKey>false</isSurrogateKey>
<indexColumnUsage>
<colUsage columnID="0F542B17-C225-B0CA-0914-87BD333AAEC5"/>
</indexColumnUsage>
</ind_PK_UK>
<ind_PK_UK id="2F8E2C47-65DC-CF72-B8A7-646FE6F115A4" name="HOSPEDAGEM_RESERVAS_FK">
<createdBy>jovi_</createdBy>
<createdTime>2024-09-14 23:11:34 UTC</createdTime>
<generatorID>FFC9DB60-4EF0-BBC9-CA27-9962826550B4</generatorID>
<ownerDesignName>HOTEL_BD</ownerDesignName>
<indexState>Foreign Key</indexState>
<isSurrogateKey>false</isSurrogateKey>
<indexColumnUsage>
<colUsage columnID="65292796-D3FF-4AE3-7D17-27F20ADAC46B"/>
</indexColumnUsage>
</ind_PK_UK>
<ind_PK_UK id="E3CA92B5-50FA-2EF2-78D1-8F0FB9002CA0" name="HOSPEDAGEM_PESSOA_FK">
<createdBy>jovi_</createdBy>
<createdTime>2024-09-14 23:11:34 UTC</createdTime>
<generatorID>32672A39-A7C2-73F9-2D7F-8BCE6253AC0A</generatorID>
<ownerDesignName>HOTEL_BD</ownerDesignName>
<indexState>Foreign Key</indexState>
<isSurrogateKey>false</isSurrogateKey>
<indexColumnUsage>
<colUsage columnID="9D5B167F-D943-A32E-B564-41872B3B68E3"/>
</indexColumnUsage>
</ind_PK_UK>
</indexes>
</Table>
