<?xml version = '1.0' encoding = 'UTF-8'?>
<Table class="oracle.dbtools.crest.model.design.relational.Table" directorySegmentName="seg_0" id="C900D849-31B0-5FBD-EFBC-58E824DBD8FD" name="CIDADES">
<createdBy>jovi_</createdBy>
<createdTime>2024-09-14 23:11:34 UTC</createdTime>
<generatorID>49F19FC6-B0C0-AEA3-CEA1-E3BDEEB37E06</generatorID>
<ownerDesignName>HOTEL_BD</ownerDesignName>
<allowColumnReorder>false</allowColumnReorder>
<existDependencyGenerateInDDl>true</existDependencyGenerateInDDl>
<parsed>true</parsed>
<columns itemClass="oracle.dbtools.crest.model.design.relational.Column">
<Column name="CID_COD" id="0EF20E0B-F679-BF71-03E4-4EAA67C22A49">
<createdBy>jovi_</createdBy>
<createdTime>2024-09-14 23:11:34 UTC</createdTime>
<generatorID>E718B2CC-000C-9957-C61D-C70B79DDB658</generatorID>
<ownerDesignName>HOTEL_BD</ownerDesignName>
<useDomainConstraints>false</useDomainConstraints>
<use>1</use>
<logicalDatatype>LOGDT019</logicalDatatype>
<dataTypePrecision>10</dataTypePrecision>
<ownDataTypeParameters>,10,</ownDataTypeParameters>
<autoIncrementCycle>false</autoIncrementCycle>
</Column>
<Column name="CID_NOME" id="B1DC5632-6B86-591C-B580-4C56D8E828DF">
<createdBy>jovi_</createdBy>
<createdTime>2024-09-14 23:11:34 UTC</createdTime>
<generatorID>06FE7DCD-CC35-ACBA-CD85-68502D43A7B4</generatorID>
<ownerDesignName>HOTEL_BD</ownerDesignName>
<nullsAllowed>true</nullsAllowed>
<useDomainConstraints>false</useDomainConstraints>
<use>1</use>
<logicalDatatype>LOGDT024</logicalDatatype>
<dataTypeSize>50</dataTypeSize>
<ownDataTypeParameters>50,,</ownDataTypeParameters>
<autoIncrementCycle>false</autoIncrementCycle>
</Column>
<Column name="DDD_DDD_COD" id="345EB33D-CF75-49A5-9FA9-BFCF74AEE75C">
<createdBy>jovi_</createdBy>
<createdTime>2024-09-14 23:11:34 UTC</createdTime>
<generatorID>D2460DD3-DAB1-CCD6-67D4-C4E31AE77F80</generatorID>
<ownerDesignName>HOTEL_BD</ownerDesignName>
<useDomainConstraints>false</useDomainConstraints>
<use>1</use>
<logicalDatatype>LOGDT019</logicalDatatype>
<dataTypePrecision>10</dataTypePrecision>
<ownDataTypeParameters>,,</ownDataTypeParameters>
<previousColumn>false</previousColumn>
<autoIncrementCycle>false</autoIncrementCycle>
<associations>
<colAssociation fkAssociation="B3FF4CAD-693A-3F21-FA1A-5DB462DDA57C" referredColumn="E7C4AC16-3A76-FE48-DD27-A04F85C114C6"/>
</associations>
</Column>
</columns>
<indexes itemClass="oracle.dbtools.crest.model.design.relational.Index">
<ind_PK_UK id="EB72332B-5410-6ADD-9DDD-8FCF3BBE5D88" name="CIDADES_PK">
<createdBy>jovi_</createdBy>
<createdTime>2024-09-14 23:11:34 UTC</createdTime>
<generatorID>6F33404C-BC1B-53B4-0CD4-36382774CE93</generatorID>
<ownerDesignName>HOTEL_BD</ownerDesignName>
<pk>true</pk>
<indexState>Primary Constraint</indexState>
<isSurrogateKey>false</isSurrogateKey>
<indexColumnUsage>
<colUsage columnID="0EF20E0B-F679-BF71-03E4-4EAA67C22A49"/>
</indexColumnUsage>
</ind_PK_UK>
<ind_PK_UK id="CB88BB60-44D3-CF5C-A6F4-13029F0C6864" name="CIDADES_DDD_FK">
<createdBy>jovi_</createdBy>
<createdTime>2024-09-14 23:11:34 UTC</createdTime>
<generatorID>F664E91D-ACC4-BF1E-218D-0419941271BF</generatorID>
<ownerDesignName>HOTEL_BD</ownerDesignName>
<indexState>Foreign Key</indexState>
<isSurrogateKey>false</isSurrogateKey>
<indexColumnUsage>
<colUsage columnID="345EB33D-CF75-49A5-9FA9-BFCF74AEE75C"/>
</indexColumnUsage>
</ind_PK_UK>
</indexes>
</Table>
