<?xml version = '1.0' encoding = 'UTF-8'?>
<Table class="oracle.dbtools.crest.model.design.relational.Table" directorySegmentName="seg_0" id="E5F05126-CC7C-9363-9337-6331B0885492" name="RESERVAS">
<createdBy>jovi_</createdBy>
<createdTime>2024-09-14 23:11:34 UTC</createdTime>
<generatorID>C37095A5-A8A4-84AB-2223-39ACE908EECF</generatorID>
<ownerDesignName>HOTEL_BD</ownerDesignName>
<allowColumnReorder>false</allowColumnReorder>
<existDependencyGenerateInDDl>true</existDependencyGenerateInDDl>
<parsed>true</parsed>
<columns itemClass="oracle.dbtools.crest.model.design.relational.Column">
<Column name="RES_COD" id="C1EA76AA-8BCB-D6C1-5FC0-6D4FBA2D6461">
<createdBy>jovi_</createdBy>
<createdTime>2024-09-14 23:11:34 UTC</createdTime>
<generatorID>17E4E565-2698-EE6F-C745-F9CAA1B08692</generatorID>
<ownerDesignName>HOTEL_BD</ownerDesignName>
<useDomainConstraints>false</useDomainConstraints>
<use>1</use>
<logicalDatatype>LOGDT019</logicalDatatype>
<dataTypePrecision>10</dataTypePrecision>
<ownDataTypeParameters>,10,</ownDataTypeParameters>
<autoIncrementCycle>false</autoIncrementCycle>
</Column>
<Column name="RES_DATA_INI" id="4B6F5131-08B0-5B0E-A5A5-1931AF0CB90A">
<createdBy>jovi_</createdBy>
<createdTime>2024-09-14 23:11:34 UTC</createdTime>
<generatorID>CB6F8EAF-7BE3-E137-B0D5-6387569C71FF</generatorID>
<ownerDesignName>HOTEL_BD</ownerDesignName>
<useDomainConstraints>false</useDomainConstraints>
<use>1</use>
<logicalDatatype>LOGDT007</logicalDatatype>
<ownDataTypeParameters>,,</ownDataTypeParameters>
<autoIncrementCycle>false</autoIncrementCycle>
</Column>
<Column name="RES_DATA_FIM" id="44D6515B-59D4-DAC7-565E-65F92E9C2767">
<createdBy>jovi_</createdBy>
<createdTime>2024-09-14 23:11:34 UTC</createdTime>
<generatorID>C33C2F05-0ACE-230F-8926-0F2C740668C9</generatorID>
<ownerDesignName>HOTEL_BD</ownerDesignName>
<useDomainConstraints>false</useDomainConstraints>
<use>1</use>
<logicalDatatype>LOGDT007</logicalDatatype>
<ownDataTypeParameters>,,</ownDataTypeParameters>
<autoIncrementCycle>false</autoIncrementCycle>
</Column>
<Column name="CATEGORIA_CAT_COD" id="DAB4FA38-5B35-8619-1E40-F75558302FA6">
<createdBy>jovi_</createdBy>
<createdTime>2024-09-14 23:11:34 UTC</createdTime>
<generatorID>C4E71221-8EC0-AD29-4339-25B7F8A3C4E2</generatorID>
<ownerDesignName>HOTEL_BD</ownerDesignName>
<useDomainConstraints>false</useDomainConstraints>
<use>1</use>
<logicalDatatype>LOGDT019</logicalDatatype>
<dataTypePrecision>10</dataTypePrecision>
<ownDataTypeParameters>,,</ownDataTypeParameters>
<previousColumn>false</previousColumn>
<autoIncrementCycle>false</autoIncrementCycle>
<associations>
<colAssociation fkAssociation="B822326D-5D78-93FE-BD96-3516B423A551" referredColumn="3E62D77D-842E-BD6B-9491-0A60BC24E4CA"/>
</associations>
</Column>
<Column name="PESSOA_PES_CPF" id="4BF9D057-321A-0431-F50A-89EEFAC43182">
<createdBy>jovi_</createdBy>
<createdTime>2024-09-14 23:11:34 UTC</createdTime>
<generatorID>F12D60D8-D556-AC71-E3A9-62EF01D8ECB1</generatorID>
<ownerDesignName>HOTEL_BD</ownerDesignName>
<nullsAllowed>true</nullsAllowed>
<useDomainConstraints>false</useDomainConstraints>
<use>1</use>
<logicalDatatype>LOGDT024</logicalDatatype>
<dataTypeSize>16</dataTypeSize>
<ownDataTypeParameters>,,</ownDataTypeParameters>
<previousColumn>false</previousColumn>
<autoIncrementCycle>false</autoIncrementCycle>
<associations>
<colAssociation fkAssociation="D016F779-7FC3-96CC-3BBB-82451F6AECF9" referredColumn="1D49E7D7-DF04-D54A-8893-898FDF86255A"/>
</associations>
</Column>
</columns>
<indexes itemClass="oracle.dbtools.crest.model.design.relational.Index">
<ind_PK_UK id="06832830-86B0-E8E0-BA85-31652EDDA1F7" name="RESERVAS_PK">
<createdBy>jovi_</createdBy>
<createdTime>2024-09-14 23:11:34 UTC</createdTime>
<generatorID>BA691E0E-5389-E1F5-E1D9-7BD8F5EA66F8</generatorID>
<ownerDesignName>HOTEL_BD</ownerDesignName>
<pk>true</pk>
<indexState>Primary Constraint</indexState>
<isSurrogateKey>false</isSurrogateKey>
<indexColumnUsage>
<colUsage columnID="C1EA76AA-8BCB-D6C1-5FC0-6D4FBA2D6461"/>
</indexColumnUsage>
</ind_PK_UK>
<ind_PK_UK id="BB9411CF-11CE-EDC4-37A4-0308A557B980" name="RESERVAS_PESSOA_FK">
<createdBy>jovi_</createdBy>
<createdTime>2024-09-14 23:11:34 UTC</createdTime>
<generatorID>3E296E7B-3A13-F420-7F1E-1CE9F4EAFFA2</generatorID>
<ownerDesignName>HOTEL_BD</ownerDesignName>
<indexState>Foreign Key</indexState>
<isSurrogateKey>false</isSurrogateKey>
<indexColumnUsage>
<colUsage columnID="4BF9D057-321A-0431-F50A-89EEFAC43182"/>
</indexColumnUsage>
</ind_PK_UK>
<ind_PK_UK id="D602332D-CFCE-52E5-270E-E09ED988530A" name="RESERVAS_CATEGORIA_FK">
<createdBy>jovi_</createdBy>
<createdTime>2024-09-14 23:11:34 UTC</createdTime>
<generatorID>4E2D6B55-94E9-9BC4-DF56-C94083599EAD</generatorID>
<ownerDesignName>HOTEL_BD</ownerDesignName>
<indexState>Foreign Key</indexState>
<isSurrogateKey>false</isSurrogateKey>
<indexColumnUsage>
<colUsage columnID="DAB4FA38-5B35-8619-1E40-F75558302FA6"/>
</indexColumnUsage>
</ind_PK_UK>
</indexes>
</Table>
